Original Product Code,SAP Product Code
AB00532,4009439
AB00540,4009440
AB00550,4009441
AB00565,4009325
AD00110045,4009326
AD00110088,4009327
AD0014045,4009328
AD0014088,4009329
AD0015045,4009330
AD0015088,4009331
AD0016588,4009332
AD0018088,4009333
AD00210015,4009334
AD00210030,4009335
AD00210045,4009336
AD0021005,4009337
AD00210060,4009338
AD00210088,4009339
AD00215015,4009340
AD00215045,4009341
AD00215045A,4009342
AD0023215,4009344
AD0023245,4009345
AD0023288,4009346
AD0024015,4009347
AD0024045,4009348
AD0024088,4009349
AD0025015,4009350
AD0025045,4009351
AD0025088,4009352
AD0026515,4009353
AD0026545,4009354
AD0026588,4009355
AD0028015,4009356
AD0028045,4009357
AD0028088,4009358
AD00310011,4009359
AD00310015,4009360
AD00310022,4009361
AD00310030,4009362
AD00310042,4009363
AD0031005,4009364
AD00310060,4009365
AD00310088,4009366
AD00315042,4009367
AD00315088,4009368
AD0034042,4009369
AD0035042,4009370
AD0035088,4009371
AD0036542,4009372
AD0038042,4009373
AD004504042,4009374
AD00510088,4009375
AD01010045,4009376
AD01010045E,4009377
AD01010088,4009378
AD01010088E,4009379
AD01810088,4009380
AD0184088,4009381
AD0185088,4009382
AD0186588,4009383
AD0188088,4009384
AD01910045,4009385
AD01910045E,4009386
AD02010045,4009387
AD02010045E,4009388
AD02310088,4009389
AD02410045,4009391
AD02410088,4009392
AD02415045,4009393
AD02415088,4009394
AD0243288,4009395
AD0244045,4009396
AD0244088,4009397
AD0245045,4009398
AD0245088,4009399
AD0246545,4009400
AD0246588,4009401
AD0248045,4009402
AD0248088,4009403
AD025105045,4009404
AD025106545,4009405
AD025108045,4009406
AD025151045,4009407
AD025151088,4009408
AD025805045,4009409
AD03610088,4009410
AD042105088,4009411
AD047105554,4009412
AD048105444,4009413
AD048105554,4009414
AD04885444,4009415
AD04885544,4009416
AD0491005088,4009417
AD054100,4009418
AD054150,4009419
AD05480,4009420
AD055100,4009421
AD055100E,4009422
AD055150,4009423
AD056100,4009424
AD057150,4009426
AD05732,4009428
AD05740,4009429
AD05750,4009430
AD05765,4009431
AD05780,4009432
AD058100,4009433
AD058100C,4009434
AD058150,4009435
AD058150C,4009436
AD05880C,4009437
AD063100,4009438
AD063150,4009211
AD06340,4009212
AD06350,4009213
AD06365,4009214
AD06380,4009215
AD06480,4009216
AD066100100,4009217
AD0663232,4009218
AD0664040,4009219
AD0665050,4009220
AD0673232,4009221
AD0674040,4009222
AD0675050,4009223
AD0676565,4009224
AD07210050,4009225
AD07210065,4009226
AD07210080,4009227
AD072150100,4009228
AD0724032,4009229
AD0725040,4009230
AD0726540,4009231
AD0726550,4009232
AD0728050,4009233
AD0728065,4009234
AD07310040,4009235
AD07310050,4009236
AD07310065,4009237
AD07310080,4009238
AD073150100,4009239
AD0734032,4009240
AD0735040,4009241
AD0736540,4009242
AD0736550,4009243
AD0738050,4009244
AD0738065,4009245
AD074100,4009246
AD07450,4009247
AD07480,4009248
AD075100,4009249
AD077100,4009250
AD078100,4009251
AD07865,4009252
AD07880,4009253
AD079100,4009254
AD079150,4009255
AD07940,4009256
AD07950,4009257
AD07951,4009258
AD07965,4009259
AD07980,4009260
AD082100,4009261
AD082100L,4009262
AD083100,4009263
AD08610050,4009264
AD08610065,4009265
AD0868050,4009266
AD0868065,4009267
AD0868080,4009268
AD099100,4009269
AD099100A,4009270
AD099100RM,4009271
AD10010080,4009272
AD105100,4009273
AD105150,4009274
AD10540,4009277
AD10550,4009278
AD10565,4009279
AD10580,4009280
AD106100,4009281
AD10680,4009282
AD10740,4009283
AD10750,4009284
AD109100,4009285
AD109150,4009286
AD11350,4009287
AD121100,4009288
AD12210040,4009289
AD12210050,4009290
AD124100100,4009291
AD124100RZ,4009292
AD1244040,4009293
AD1245050,4009294
AD1248080,4009295
AD12480RZ,4009296
AD126125,4009297
AD128100DORC,4009298
AD131100,4009299
AD132100,4009300
AD132150,4009301
AD135100,4009302
AD135150,4009303
AD136100,4009304
AD151140,4009305
AD178100,4009306
AD730100,4009307
AD730100FLP,4009308
ADR0210045,4009309
ADR0210060,4009310
ADR0210088,4009311
ADR0215045,4009312
ADR0215045A,4009313
ADR0215088,4009314
ADR0310011,4009315
ADR0310015,4009316
ADR0310022,4009317
ADR0310030,4009318
ADR031005,4009319
ADR0315015,4009320
ADR0510088,4009321
ADR1010045,4009322
ADR1010088,4009323
ADR135100,4009324
ADR1910045,4009097
ADR2010045,4009098
ADR2410045,4009099
ADR2410088,4009100
ADR24150453,4009101
ADR251510453,4009102
ADR2615045,4009103
ADR2615088,4009104
ADR27151045,4009105
ADR27151088,4009106
ADR55100150,4009107
ADR55150,4009108
ADR57100,4009109
ADR57150,4009110
ADR64150,4009111
ADR72100150,4009112
ADR72150100,4009113
ADR81100,4009114
AE006100PE,4009115
ANF57110,4009116
ANF57200,4009118
AP0021515,4009119
AP0022020,4009120
AP0022525,4009121
AP0023232,4009122
AP0024040,4009123
AP0025050,4009124
AP00510050,4009125
AP00510080,4009126
AP005150100,4009127
AP0052015,4009128
AP0052515,4009129
AP0052520,4009130
AP0053225,4009131
AP0054025,4009132
AP0054032,4009133
AP0055025,4009134
AP0055040,4009135
AP0056550,4009136
AP0058050,4009137
AP006100,4009138
AP00615,4009139
AP006150,4009140
AP00620,4009141
AP00625,4009142
AP00632,4009143
AP00640,4009144
AP00650,4009145
AP00665,4009146
AP00680,4009147
AP007100,4009148
AP00715,4009149
AP007150,4009150
AP00720,4009151
AP00725,4009152
AP00732,4009153
AP00740,4009154
AP00750,4009155
AP00765,4009156
AP00780,4009157
AP00810080,4009158
AP008125100,4009159
AP008150100,4009160
AP0082015,4009161
AP0082520,4009162
AP0083225,4009163
AP0084032,4009164
AP0085040,4009165
AP0086550,4009166
AP0088050,4009167
AP0088065,4009168
AP010100,4009169
AP01015,4009170
AP010150,4009171
AP01020,4009172
AP01025,4009173
AP01032,4009174
AP01040,4009175
AP01050,4009176
AP01080,4009177
AP013100100,4009178
AP013150150,4009179
AP0131515,4009180
AP0132020,4009181
AP0132525,4009182
AP0133232,4009183
AP0134040,4009184
AP0135050,4009185
AP0136565,4009186
AP0138080,4009187
AP0151515,4009188
AP0152020,4009189
AP0152525,4009190
AP0153232,4009191
AP016100,4009192
AP016100S,4009193
AP016150,4009194
AP016150S,4009195
AP01650,4009196
AP01665,4009197
AP01665S,4009198
AP01680,4009199
AP01680S,4009200
AP017100100,4009201
AP0171515,4009202
AP0172020,4009203
AP0172525,4009204
AP0173232,4009205
AP0174040,4009206
AP0175050,4009207
AP0176565,4009208
AP0178075,4009209
AP018100100,4009210
AP0181515,4008983
AP0182020,4008984
AP0182525,4008985
AP0183232,4008986
AP0184040,4008987
AP0185050,4008988
AP0188075,4008989
AP019100100,4008990
AP01910050,4008991
AP0191515,4008992
AP0192015,4008993
AP0192020,4008994
AP0192520,4008995
AP0192525,4008996
AP0193225,4008997
AP0193232,4008998
AP0194032,4008999
AP0194040,4009000
AP0195020,4009001
AP0195040,4009002
AP0195050,4009003
AP0196565,4009004
AP0198050,4009005
AP0198080,4009006
AP0211515,4009007
AP0212020,4009008
AP0212525,4009009
AP02215,4009010
AP02220,4009011
AP02225,4009012
AP02232,4009013
AP02240,4009014
AP02250,4009015
AP023100,4009016
AP02315,4009017
AP02320,4009018
AP02325,4009019
AP0242015,4009020
AP0242520,4009021
AP05315,4009022
AP05320,4009023
AQ00101,4009024
AQ002,4009025
AR18075,4009026
AT00340,4009027
AT00350,4009028
AT00940,4009029
AT00950,4009030
AW00215045,4009031
AW00215090,4009032
AW0029015,4009033
AW0029022,4009034
AW0029045,4009035
AW0029090,4009036
AW0039045,4009037
AW02415045,4009038
AW02415090,4009039
AW0249045,4009040
AW0249090,4009041
AW025151045,4009042
AW0405,4009043
AW05690,4009044
AW05790,4009045
AW05890,4009046
AW05890C,4009047
AW07390100,4009048
AW10590,4009049
AW10990,4009050
AW155150,4009051
AW15590,4009052
AW16190100V,4009053
AW72890,4009054
B0803016,4009055
B0803091,4009056
B1210140,4009057
B1210147,4009058
B1210148,4009059
B1210150,4009060
B1210154,4009061
B1210156,4009063
B1210160,4009064
B1210165,4009065
B1210168,4009066
B1210171,4009067
B1210175,4009068
B1210179,4009069
B1210180,4009070
B1210181,4009071
B1210182,4009072
B1210183,4009073
B1210184,4009074
B1210185,4009075
B1210187,4009076
B1210188,4009077
B1210325,4009078
B1210330,4009079
B1210335,4009080
B1210340,4009081
B1210345,4009082
B1210350,4009083
B1210355,4009084
B1565005,4009085
B1565010,4009086
BK080001,4009087
BK080015,4009088
BK080020,4009089
BK080025,4009090
BK080029,4009091
BK080030,4009092
BK080032,4009093
BK080034,4009094
BK080035,4009095
BK080040,4009096
BK080044,4008869
BK080045,4008870
BK080050,4008871
BK080060,4008872
BK080065,4008873
BK080074,4008874
BK080075,4008875
BK080080,4008876
BK080089,4008877
BK080090,4008878
BK080100,4008879
BK080144,4008880
BK080145,4008881
BK40323,4008882
BKCROSSTEE50X32,4008883
BKD00110045BS,4008884
BKD00110088BS,4008885
BKD00110090BS,4008886
BKD00115045BS,4008887
BKD00115088W,4008888
BKD0013245BS,4008889
BKD0013288BS,4008890
BKD0014045BS,4008891
BKD0014088BS,4008892
BKD0015045BS,4008893
BKD0015088BS,4008894
BKD0018045BS,4008896
BKD0018088BS,4008897
BKD00210045BS,4008899
BKD00210088BS3,4008900
BKD00210090BS,4008901
BKD002105088W,4008902
BKD00215045BS,4008903
BKD00215088BS,4008904
BKD00215090BS,4008905
BKD0023245BS,4008906
BKD0023288BS,4008907
BKD0023290BS,4008908
BKD0024045BS,4008909
BKD0024088BS,4008910
BKD0024090BS,4008911
BKD0025045BS,4008912
BKD0025088BS,4008913
BKD0025090BS,4008914
BKD0028045BS,4008916
BKD0028088BS,4008917
BKD0028090BS,4008918
BKD008105088W,4008922
BKD015105090BS,4008924
BKD016105090BS,4008925
BKD017105045W,4008926
BKD017105088BS,4008927
BKD017503290BS,4008929
BKD017504090BS,4008930
BKD017805088BS,4008931
BKD01810045BS,4008932
BKD01810088BS,4008933
BKD0183288BS,4008936
BKD0184088BS,4008937
BKD0185045BS,4008938
BKD0185088BS,4008939
BKD0188088BS,4008942
BKD02410045BS,4008943
BKD02410088BS,4008944
BKD0243288BS,4008945
BKD0244088BS,4008946
BKD0245045BS,4008947
BKD0245088BS,4008948
BKD0248088BS2,4008950
BKD025105045BS,4008951
BKD025403290BS,4008952
BKD025503290BS,4008953
BKD025504090BS,4008954
BKD035105088W,4008956
BKD036403288,4008959
BKD0364032BS,4008961
BKD036503288,4008962
BKD042105088BS,4008964
BKD042805088BS,4008965
BKD057100BS,4008969
BKD057150BS,4008970
BKD05732BS,4008971
BKD05740BS,4008972
BKD05750BS,4008973
BKD05780BS,4008975
BKD058100CW,4008976
BKD063100BS,4008978
BKD063150BS,4008979
BKD06350BS,4008980
BKD06380BS,4008981
BKD065100BS-9,4008982
BKD065150BS-9,4008755
BKD06580BS-9,4008756
BKD0663232BS,4008757
BKD0664040BS,4008758
BKD0665050BS,4008759
BKD0673232BS-9,4008760
BKD067404088BS,4008761
BKD0674040BS,4008762
BKD0675050BS-9,4008763
BKD06840W,4008764
BKD0685050W,4008765
BKD07310050BS,4008770
BKD07310080BS,4008771
BKD073150100BS,4008772
BKD073150100W,4008773
BKD0733220BS,4008774
BKD0734032BS,4008775
BKD0735032BS,4008776
BKD0735040BS,4008777
BKD0738050BS,4008779
BKD079100BS,4008780
BKD07940BS,4008782
BKD10532W,4008785
BKD10732BS,4008786
BKD10740BS-9,4008787
BKD10750BS,4008788
BKD109100W,4008789
BKD10950W,4008791
BKD10980W,4008792
BKD14332W,4008793
BKD14340W,4008794
C0127020,4008796
C0136150,4008797
C0160005,4008798
C0166011,4008799
C0169030,4008800
C0169050,4008801
C0169055,4008802
C0169060,4008803
C0801015,4008804
C0801020,4008805
C0801060,4008806
C0801065,4008807
C0804005,4008808
C0809005,4008809
C0809010,4008810
C0809015,4008811
C0809020,4008812
C0809025,4008813
C0809030,4008814
C0824015,4008815
C0824040,4008816
C0826005,4008817
C0826010,4008818
C0826025,4008819
C0826035,4008820
C0826040,4008821
C0826045,4008822
C2019305,4008823
C2019315,4008824
C2019325,4008825
C2192015,4008826
C2192020,4008827
C2192025,4008828
C2192055,4008829
C2192060,4008830
C2192065,4008831
C2193040,4008832
C2193045,4008833
C2193050,4008834
C2193100,4008835
C2193105,4008836
C2501000,4008837
C2501005,4008838
C2501010,4008839
C2501015,4008840
C2501017,4008841
C2501020,4008842
C2501025,4008843
C2501026,4008844
C2501028,4008846
C2501030,4008847
C2501035,4008849
C2501036,4008850
C2502005,4008851
C2502010,4008852
C2502015,4008853
C2502020,4008854
C2502025,4008855
C2502030,4008856
C2503000,4008857
C2503005,4008858
C2503006,4008859
C2503008,4008860
C2503010,4008861
C2503011,4008862
C2503015,4008863
C2503020,4008864
C2503022,4008865
C2503027,4008866
C2503029,4008867
C2503040,4008868
C2503045,4008641
C2503046,4008642
C2503050,4008643
C2503055,4008644
C2503065,4008645
C2503070,4008646
C2504000,4008647
C2504005,4008648
C2504010,4008649
C2504015,4008650
C2504017,4008651
C2504020,4008652
C2504025,4008653
C2504026,4008654
C2504027,4008655
C2504030,4008656
C2505000,4008657
C2505005,4008658
C2505010,4008659
C2505011,4008660
C2505012,4008661
C2505013,4008662
C2505015,4008663
C2505020,4008664
C2505025,4008665
C2506000,4008666
C2506003,4008667
C2506005,4008668
C2506006,4008669
C2506010,4008670
C2506013,4008671
C2506014,4008672
C2506015,4008673
C2506016,4008674
C2506017,4008675
C2506018,4008676
C2506020,4008677
C2506024,4008678
C2506025,4008679
C2506026,4008680
C2506027,4008681
C2506028,4008682
C2506030,4008683
C2507000,4008684
C2507005,4008685
C2507010,4008686
C2507015,4008687
C2507017,4008688
C2507020,4008689
C2507025,4008690
C2507029,4008691
C2508000,4008692
C2508005,4008693
C2508008,4008694
C2508010,4008695
C2508013,4008696
C2508014,4008697
C2508015,4008698
C2508016,4008699
C2508017,4008700
C2508019,4008701
C2508020,4008702
C2508021,4008703
C2508025,4008704
C2509005,4008705
C2509010,4008706
C2510000,4008707
C2510005,4008708
C2510010,4008709
C2510015,4008710
C2510017,4008711
C2510020,4008712
C2510025,4008713
C2510026,4008714
C2510027,4008715
C2510030,4008716
C2510035,4008717
C2511005,4008719
C2511010,4008720
C2511015,4008721
C2511020,4008722
C2511025,4008723
C2511030,4008724
C2512005,4008725
C2512010,4008726
C2512015,4008727
C2512020,4008728
C2512025,4008729
C2513000,4008730
C2513002,4008731
C2513003,4008732
C2513005,4008733
C2513007,4008734
C2513008,4008735
C2513010,4008736
C2513011,4008737
C2513012,4008738
C2513013,4008739
C2513014,4008740
C2513015,4008741
C2513017,4008742
C2513018,4008743
C2513020,4008744
C2513021,4008745
C2513025,4008746
C2513026,4008747
C2513027,4008748
C2513028,4008749
C2513030,4008750
C2514005,4008751
C2514010,4008752
C2514015,4008753
C2514020,4008754
C2514025,4008527
C2514030,4008528
C2515005,4008529
C2515010,4008530
C2515015,4008531
C2515020,4008532
C2515025,4008533
C2515030,4008534
C2516015,4008535
C2516020,4008536
C2516025,4008537
C2516032,4008538
C2516040,4008539
C2516050,4008540
C2517005,4008541
C2517010,4008542
C2517015,4008543
C2517020,4008544
C2517025,4008545
C2517030,4008546
C2517035,4008547
C2517040,4008548
C2517045,4008549
C2517050,4008550
C2517055,4008551
C2517060,4008552
C2517065,4008553
C2517070,4008554
C2517075,4008555
C2517080,4008556
C2517082,4008557
C2517083,4008558
C2517084,4008559
C2517085,4008560
C2517090,4008561
C2517095,4008562
C2517100,4008563
C2518005,4008564
C2518008,4008565
C2518010,4008566
C2518012,4008567
C2518013,4008568
C2518015,4008569
C2518022,4008570
C2518023,4008571
C2518024,4008572
C2518025,4008573
C2518030,4008574
C2518031,4008575
C2518032,4008576
C2518033,4008577
C2518035,4008578
C2519002,4008579
C2519003,4008580
C2519004,4008581
C2519005,4008582
C2519007,4008583
C2519010,4008584
C2519015,4008585
C2519020,4008586
C2519025,4008587
C2519030,4008588
C2519035,4008589
C2519040,4008590
C2519045,4008591
C2519047,4008592
C2519055,4008593
C2519060,4008594
C2519110,4008595
C2519125,4008596
C2519127,4008597
C2519129,4008598
C2519130,4008599
C2521005,4008600
C2521010,4008601
C2521015,4008602
C2521020,4008603
C2521025,4008604
C2521030,4008605
C2523000,4008606
C2523003,4008607
C2523005,4008608
C2523015,4008609
C2523018,4008610
C2523020,4008611
C2523022,4008612
C2523023,4008613
C2523050,4008614
C2523055,4008615
C2523060,4008616
C2523065,4008617
C2523070,4008618
C2524005,4008619
C2524010,4008620
C2524015,4008621
C2524020,4008622
C2524023,4008623
C2524025,4008624
C2524030,4008625
C2524035,4008626
C2524040,4008627
C2524045,4008628
C2524050,4008629
C2524055,4008630
C2524057,4008631
C2524060,4008632
C2524065,4008633
C2524070,4008634
C2525005,4008635
C2525010,4008636
C2525020,4008637
C2530005,4008638
C2530010,4008639
C2530015,4008640
C2530017,4008413
C2530020,4008414
C2530022,4008415
C2530025,4008416
C2530026,4008417
C2530030,4008418
C2530035,4008419
C2530040,4008420
C2530045,4008421
C2531000,4008422
C2531005,4008423
C2531010,4008424
C2531015,4008425
C2531020,4008426
C2531025,4008427
C2531027,4008428
C2531028,4008429
C2531030,4008430
C2536005,4008431
C2536020,4008432
C2536040,4008433
C2536045,4008434
C2536046,4008435
C2536060,4008436
C2536075,4008437
C2536076,4008438
C2540010,4008439
C2540015,4008440
C2550005,4008441
C2550010,4008442
C2555005,4008443
C2560005,4008444
C2560010,4008445
C2560015,4008446
C2560017,4008447
C2560018,4008448
C2560020,4008449
C2560021,4008450
C2560025,4008451
C2560026,4008452
C2560028,4008453
C2560030,4008454
C2560035,4008455
C2565005,4008456
C2565010,4008457
C2565015,4008458
C2565017,4008459
C2565020,4008460
C2565025,4008461
C2565028,4008462
C2565030,4008463
C2565035,4008464
C2570005,4008465
C2572005,4008466
C2572010,4008467
C2572015,4008468
C2572020,4008469
C2572025,4008470
C2572030,4008471
C2572035,4008472
C2572040,4008473
C2572045,4008474
C2572050,4008475
C2572055,4008476
C2572060,4008477
C2572065,4008478
C2572070,4008479
C2572075,4008480
C2572080,4008481
C2572085,4008482
C2572090,4008483
C2572095,4008484
C2572100,4008485
C2572105,4008486
C2579020,4008487
C2579025,4008488
C2579032,4008489
C2579040,4008490
C2579050,4008491
C2579063,4008492
C2599005,4008493
C2599010,4008494
C2599015,4008495
C2599017,4008496
C2599020,4008497
C2599025,4008498
C2599115,4008499
C2711000,4008500
C2711005,4008501
C2711010,4008502
C2711015,4008503
C2712005,4008504
C2713005,4008505
C2720005,4008506
C2725160,4008519
C2731005,4008520
C2732005,4008521
C2735020,4008522
C2735025,4008523
C2735030,4008524
C2741005,4008525
C2741010,4008526
C2741015,4008299
C3501010,4008300
C3501015,4008301
C3501020,4008302
C3501025,4008303
C3501030,4008304
C3501035,4008305
C3503005,4008306
C3503010,4008307
C3503015,4008308
C3503020,4008309
C3504010,4008310
C3504015,4008311
C3504020,4008312
C3504025,4008313
C3504030,4008314
C3504035,4008315
C3505010,4008316
C3505015,4008317
C3505020,4008318
C3506005,4008319
C3506010,4008320
C3506015,4008321
C3506020,4008322
C3506025,4008323
C3506030,4008324
C3507010,4008325
C3507020,4008326
C3508005,4008327
C3508010,4008328
C3508015,4008329
C3508020,4008330
C3508025,4008331
C3508030,4008332
C3509005,4008333
C3510005,4008334
C3510010,4008335
C3510015,4008336
C3510020,4008337
C3510025,4008338
C3510030,4008339
C3511005,4008340
C3511010,4008341
C3511015,4008342
C3511020,4008343
C3511025,4008344
C3512005,4008345
C3512010,4008346
C3512015,4008347
C3513005,4008348
C3513010,4008349
C3513015,4008350
C3513020,4008351
C3513025,4008352
C3513030,4008353
C3523005,4008354
C3523010,4008355
C3523015,4008356
C3523020,4008357
C3523025,4008358
C3523030,4008359
C3530010,4008360
C3530015,4008361
C3530020,4008362
C3530025,4008363
C3530030,4008364
C3530035,4008365
C3590010,4008366
C3590015,4008367
C4000020,4008368
C4000055,4008369
C4000060,4008370
C4000070,4008371
C4000075,4008372
C4000080,4008373
C4000085,4008374
C4000090,4008375
C4000095,4008376
C4100090,4008378
C8801105,4008383
C8801110,4008384
C8801115,4008385
C8801120,4008386
C8801125,4008387
C8801205,4008388
C8801210,4008389
C8801215,4008390
C8801220,4008391
C8810105,4008392
C8810110,4008393
C8810115,4008394
C8810120,4008395
C8810125,4008396
C8811105,4008397
C8811110,4008398
C8811115,4008399
C8811120,4008400
C8811125,4008401
C8823120,4008402
C8823125,4008403
C8823130,4008404
C8823135,4008405
C8823140,4008406
C9065252,4008407
C9068195,4008408
C9068196,4008409
C9068198,4008410
C9068199,4008411
C9068200,4008412
C9068201,4008185
C9068202,4008186
C9068203,4008187
C9068204,4008188
C9068205,4008189
C9068207,4008190
C9068208,4008191
C9068212,4008192
C9068213,4008193
C9068215,4008194
C9068216,4008195
C9068217,4008196
C9068218,4008197
C9068219,4008198
C9068220,4008199
C9068221,4008200
C9068222,4008201
C9068224,4008202
C9068225,4008203
C9112001,4008204
C9112002,4008205
C9112003,4008206
C9112004,4008207
C9112005,4008208
C9112007,4008209
C9112008,4008210
C9112009,4008211
C9112010,4008212
C9112011,4008213
C9112076,4008214
C9112077,4008215
C9112078,4008216
C9112079,4008217
C9112080,4008218
C9112081,4008219
C9112083,4008220
C9112084,4008221
C9112085,4008222
C9112086,4008223
C9112087,4008224
C9117043,4008236
C9117044,4008237
C9117045,4008238
C9117046,4008239
C9117047,4008240
C9117049,4008241
C9117050,4008242
C9117051,4008243
C9117052,4008244
C9117068,4008245
C9117069,4008246
C9117070,4008247
C9117071,4008248
C9117072,4008249
C9117074,4008250
C9117076,4008252
C9117077,4008253
C9117146,4008254
C9117147,4008255
C9117148,4008256
C9117149,4008257
C9117150,4008258
C9117151,4008259
C9117152,4008260
C9117153,4008261
C9117154,4008262
C9117155,4008263
C9117156,4008264
C9117157,4008265
C9117158,4008266
C9117159,4008267
C9117160,4008268
C9117161,4008269
C9117162,4008270
C9117163,4008271
C9117164,4008272
C9117165,4008273
C9117166,4008274
C9117167,4008275
C9117168,4008276
C9117169,4008277
C9117170,4008278
C9117171,4008279
C9117172,4008280
C9117173,4008281
C9117175,4008282
C9117176,4008283
C9117177,4008284
C9117178,4008285
C9117179,4008286
C9117180,4008287
C9117181,4008288
C9117182,4008289
C9117183,4008290
C9117184,4008291
C9117185,4008292
C9117186,4008293
C9117187,4008294
C9117188,4008295
C9117189,4008296
C9130105,4008297
C9130106,4008298
C9130107,4008071
C9130108,4008072
C9130109,4008073
C9130110,4008074
C9130112,4008075
C9130113,4008076
C9130116,4008077
C9130117,4008078
C9130118,4008079
C9130119,4008080
C9130120,4008081
C9130121,4008082
C9130122,4008083
C9130123,4008084
C9130124,4008085
C9130125,4008086
C9130126,4008087
C9130127,4008088
C9130128,4008089
C9130129,4008090
C9130130,4008091
C9130131,4008092
C9130134,4008093
C9130135,4008094
C9130136,4008095
C9130137,4008096
C9130138,4008097
C9130139,4008098
C9130140,4008099
C9131123,4008100
C9131124,4008101
C9131125,4008102
C9131126,4008103
C9131127,4008104
C9131130,4008105
C9131131,4008106
C9131134,4008107
C9131135,4008108
C9131136,4008109
C9131137,4008110
C9131138,4008111
C9131139,4008112
C9140105,4008113
C9140106,4008114
C9140110,4008115
C9140115,4008116
C9140120,4008117
C9140125,4008119
C9140130,4008121
C9140135,4008122
D0101406,4008135
D0104020,4008136
D0114032,4008137
D0123150,4008138
D0131065,4008139
D0140005,4008141
D0140010,4008142
D0140015,4008143
D0141002,4008144
D0141003,4008145
D0141004,4008146
D0141005,4008147
D0141020,4008148
D0141025,4008149
D0142005,4008150
D0142010,4008151
D0142015,4008152
D0142020,4008153
D0142025,4008154
D0143005,4008155
D0143010,4008156
D0143015,4008157
D0143020,4008158
D0143025,4008159
D0143030,4008160
D0171000,4008161
D0171005,4008162
D0274015,4008163
D0274020,4008164
D0274025,4008165
D0412025,4008166
D0420005,4008168
D0430005,4008169
D0430010,4008170
D0736090,4008171
D0801645,4008172
D0827005,4008175
D0827010,4008176
D0827015,4008177
D0827020,4008178
D0827025,4008179
D0827027,4008180
D0827037,4008181
D0827045,4008182
D0830125,4008183
D0837032,4008184
D0837040,4007997
D0837050,4007998
D0837080,4007999
D0840005,4008000
D0840010,4008001
D0840015,4008002
D0840020,4008003
D0841005,4012554
D0841010,4012555
D0841015,4012556
D0841020,4012557
D0842030,4008004
D0842035,4008005
D0842040,4008006
D0842045,4008007
D0842047,4008008
D0845005,4008009
D0845010,4008010
D0845020,4008011
D0845025,4008012
D0845030,4008013
D0845032,4008014
D0845037,4008015
D0845042,4008016
D0845045,4008017
D0845050,4008018
D0860010,4008021
D0860015,4008022
D0860020,4008023
D0860025,4008024
D0860030,4008025
D0860040,4008026
D0860050,4008027
D0860055,4008028
D0860060,4008029
D0860065,4008030
D0860070,4008031
D0900051,4008033
D0900055,4008034
D0900060,4008035
D0900065,4008036
D0900070,4008037
D0900087,4008038
D0900090,4008039
D0910072,4008040
D0910082,4008041
D0910095,4008042
D0910115,4008043
D0910120,4008044
D0910130,4008045
D1575000,4008046
D1575005,4008047
D1575010,4008048
D9100007,4008049
D9100008,4008050
D9100012,4008051
D9100017,4008053
D9100018,4008054
D9100023,4008055
D9100024,4008056
D9101015,4008058
D9136005,4008059
D9136010,4008060
D9136015,4008061
D9137005,4008062
D9137010,4008063
D9137015,4008064
D9137020,4008065
D9145030,4008067
D9300005,4008068
DZ000181,4007903
DZ000215,4007907
E0800006,4007912
E0800010,4007913
E0800013,4007914
E0800025,4007915
E0800031,4007917
E0800040,4007918
E0800045,4007919
E0800047,4007920
E0800052,4007921
E0800055,4007922
E0800057,4007923
E0800058,4007924
E0800059,4007925
E0800060,4007926
E0800063,4007927
E0800066,4007929
E0800070,4007930
E0800071,4007931
E0800073,4007932
E0800075,4007933
E0800078,4007934
E0800079,4007935
E0800080,4007936
E0800082,4007937
E0800085,4007938
E0800090,4007939
E0800091,4007940
E0800092,4007941
E0800093,4007942
E0800098,4007943
E0800100,4007944
E0800102,4007946
E0800105,4007948
E0800106,4007949
E0800110,4007950
E0800115,4007951
E0800116,4007952
E0800117,4007953
E0800120,4007954
E0800121,4007955
E0800124,4007956
E0800125,4007957
E0800126,4007958
E0800127,4007959
E0800128,4007960
E0800130,4007962
E0800131,4007963
E0800132,4007964
E0800133,4007965
E0800135,4007966
E0800136,4007967
E0800140,4007968
E0800145,4007969
E0800150,4007970
E0800155,4007971
E0800160,4007972
E0800161,4007973
E0800165,4007974
E0800170,4007975
E0800180,4007977
E0800185,4007978
E0800186,4007979
E0800187,4007980
E0800190,4007981
E0800191,4007982
E0800195,4007984
E0800200,4007985
E0800203,4007986
E0800205,4007987
E0800210,4007988
E0800220,4007989
E0800221,4007990
E0800225,4007991
E0800230,4007992
E0800233,4007993
E0800235,4007994
E0800236,4007995
E0800240,4007996
E0800241,4007789
E0800242,4007790
E0800245,4007791
E0800250,4007792
E0800251,4007793
E0800252,4007794
E0800253,4007795
E0800255,4007796
E0800256,4007797
E0800260,4007798
E0800265,4007799
E0800266,4007800
E0800267,4007801
E0800270,4007802
E0800271,4007803
E0800275,4007804
E0800280,4007805
E0800285,4007806
E0800286,4007807
E0800305,4007808
E0800306,4007809
E0800310,4007810
E0800311,4007811
E0800312,4007812
E0800315,4007813
E0800320,4007814
E0800323,4007815
E0800324,4007816
E0800325,4007817
E0800326,4007818
E0800327,4007819
E0800330,4007820
E0800335,4007821
E0800340,4007822
E0800342,4007823
E0800343,4007824
E0800344,4007825
E0800345,4007826
E0800346,4007827
E0800350,4007829
E0800356,4007830
E0800357,4007831
E0800360,4007832
E0800365,4007833
E0800370,4007834
E0800375,4007835
E0800379,4007836
E0800380,4007837
E0800385,4007838
E0800395,4007839
E0800400,4007840
E0800405,4007841
E0800410,4007842
E0800415,4007843
E0800420,4007844
E0800425,4007845
E0800430,4007846
E0800435,4007847
E0800440,4007848
E0800445,4007849
E0800450,4007850
E0800452,4007851
E0800455,4007852
E0800460,4007853
E0800461,4007854
E0800462,4007855
E0800465,4007856
E0800466,4007857
E0800468,4007858
E0800469,4007859
E0800470,4007860
E0800476,4007862
E0800478,4007863
E0800480,4007864
E0800482,4007865
E0800485,4007866
E0800490,4007867
E0800500,4007869
E0800570,4007871
E0800580,4007873
E0800585,4007874
E0800590,4007875
E0800595,4007876
E0800600,4007877
E0800605,4007878
E0800610,4007879
E0800615,4007880
E0800620,4007881
E0800685,4007882
E0800690,4007883
E0800695,4007884
E0800700,4007885
E0800705,4007886
E0800710,4007887
E0800711,4007888
E0800715,4007889
E0800718,4007890
E0800720,4007891
E0800726,4007893
E0800730,4007894
E0800735,4007895
E0800740,4007896
E0800741,4007897
E0800745,4007898
E0800750,4007899
E0800755,4007900
E0800760,4007901
E0800762,4007902
E0800765,4007675
E0800770,4007676
E0800771,4007677
E0800775,4007678
E0800780,4007679
E0800781,4007680
E0800782,4007681
E0800785,4007683
E0800790,4007684
E0800791,4007685
E0800800,4007686
E0800801,4007687
E0800805,4007688
E0800806,4007689
E0800807,4007690
E0800808,4007691
E0800812,4007694
E0800813,4007695
E0800815,4007696
E0800816,4007697
E0800817,4007698
E0800818,4007699
E0800822,4007701
E0800825,4007702
E0800826,4007703
E0800829,4007704
E0800830,4007705
E0800831,4007706
E0800835,4007707
E0800836,4007708
E0800837,4007709
E0800910,4007710
E0800925,4007711
E0800996,4007712
E0800997,4007713
E0800998,4007714
E0800999,4007715
E0801195,4007716
E0801200,4007717
E0801210,4007721
E0801211,4007722
E0801215,4007723
E0801216,4007724
E0802005,4007725
E0802015,4007727
E0802017,4007728
E0802020,4007729
E0802025,4007731
E0802031,4007733
E0802035,4007734
E0802041,4007736
E0802045,4007737
E0802046,4007738
E0802050,4007739
E0802051,4007740
E0802052,4007741
E0802053,4007742
E0802055,4007743
E0802061,4007745
E0802065,4007746
E0802075,4007748
E0802081,4007750
E0802085,4007751
E0802095,4007753
E0802096,4007754
E0802100,4007755
E0802108,4007757
E0802110,4007759
E0802111,4007760
E0802115,4007762
E0802116,4007763
E0802120,4007764
E0802121,4007765
E0802125,4007766
E0802130,4007767
E0802131,4007768
E0802133,4007769
E0802135,4007771
E0802139,4007773
E0802140,4007774
E0802145,4007775
E0802155,4007777
E0802165,4007779
E0802175,4007781
E0802176,4007782
E0802180,4007783
E0802186,4007785
E0802190,4007786
E0802196,4007788
E0802200,4007561
E0802201,4007562
E0802205,4007563
E0802206,4007564
E0802209,4007565
E0802210,4007566
E0802211,4007567
E0802212,4007568
E0802213,4007569
E0802214,4007570
E0802215,4007571
E0802216,4007572
E0802217,4007573
E0802218,4007574
E0802220,4007576
E0802222,4007578
E0802224,4007580
E0802225,4007581
E0802230,4007583
E0802231,4007584
E0802232,4007585
E0802233,4007586
E0802234,4007587
E0802235,4007588
E0802237,4007590
E0802238,4007591
E0802239,4007592
E0802243,4007596
E0802250,4007598
E0802251,4007599
E0802255,4007600
E0802256,4007601
E0802280,4007602
E0802281,4007603
E0802285,4007604
E0802295,4007606
E0802315,4007608
E0802345,4007610
E0802350,4007611
E0802368,4007612
E0802369,4007613
E0802370,4007614
E0802371,4007615
E0802372,4007616
E0802395,4007618
E0802400,4007619
E0802405,4007620
E0802440,4007622
E0802441,4007623
E0802446,4007625
E0802447,4007626
E0802465,4007628
E0802470,4007629
E0802506,4007630
E0802540,4007632
E0802550,4007633
E0802555,4007634
E0802556,4007635
E0802580,4007636
E0802585,4007637
E0802590,4007638
E0802598,4007639
E0802599,4007640
E0802600,4007641
E0802603,4007642
E0802605,4007643
E0802606,4007644
E0802607,4007645
E0803005,4007646
E0803010,4007647
E0803015,4007648
E0803020,4007649
E0803025,4007650
E0805055,4007651
E0805060,4007652
E0805065,4007653
E0805070,4007654
E0870005,4007655
E0870015,4007657
E0870016,4007658
E0870020,4007659
E0880004,4007660
E0880010,4007662
E0880011,4007663
E0880015,4007664
E0880016,4007665
E0880020,4007666
E0880021,4007667
E0880022,4007668
E0880024,4007669
E0880030,4007671
E0880031,4007672
E0880032,4007673
E0880034,4007674
E0880035,4007447
E0880040,4007449
E0880041,4007450
E1880005,4007451
E1880006,4007452
E1880011,4007454
E1880030,4007455
E1880031,4007456
E1880033,4007458
E1880035,4007459
E1880036,4007460
E1880037,4007461
E1880038,4007462
E1880040,4007463
E1880041,4007464
E1880043,4007466
E1880045,4007467
E1880055,4007469
E1880060,4007470
E1880065,4007472
E1880066,4007473
E1880070,4007474
E1880075,4007475
E1880076,4007476
G0700090,4007477
G0700105,4007479
G0700107,4007481
G0700110,4007482
G0700111,4007483
G0700125,4007484
G0700126,4007485
G0700130,4007487
G0700131,4007488
G0700135,4007489
G0700136,4007490
G0700137,4007491
G0700140,4007492
G0700141,4007493
G0700142,4007494
G0700150,4007495
G0700151,4007496
G0700155,4007497
G0700160,4007499
G0700170,4007501
G0700171,4007502
G0700214,4007503
G0700215,4007504
G0700225,4007506
G0700226,4007507
G0700235,4007509
G0700236,4007510
G0700237,4007511
G0700238,4007512
G0891045,4007513
G0891050,4007514
G0891051,4007515
G0891052,4007516
G0891053,4007517
G0891054,4007518
G0891055,4007519
G0891060,4007520
G0891061,4007521
G0891062,4007522
G0891075,4007524
G0891080,4007526
G0891085,4007528
G0891090,4007530
G0891091,4007531
G0891170,4007532
G0891180,4007534
G0891195,4007536
G0891196,4007537
G0891197,4007538
G1500008,4007540
G1500010,4007541
G2700005,4007542
G2700006,4007543
G2700010,4007544
G2700015,4007545
G2700016,4007546
G2700018,4007547
G2700019,4007548
G2700020,4007549
G2700056,4007550
G2700057,4007551
G2700058,4007552
G2700060,4007553
G2700062,4007555
G2700063,4007556
G2700065,4007558
G2700068,4007559
G2700069,4007560
G2700070,4007333
G2700075,4007334
G2700080,4007335
G2701026,4007337
G2701035,4007339
G2701040,4007340
G2701044,4007341
G2701045,4007342
G2701046,4007343
G2701047,4007344
G2701055,4007345
G2701060,4007346
G2701061,4007347
G2701065,4007348
G2701070,4007349
G2701071,4007350
G2701073,4007352
G2701074,4007353
G2701092,4007355
G2701140,4007356
G2701146,4007357
G2701150,4007358
G2701155,4007359
G2701220,4007363
G2701221,4007364
G2701230,4007373
G2701240,4007375
G2701241,4007376
G2701242,4007377
G2701243,4007378
G2701244,4007379
G2701245,4007380
G2701284,4007381
G2701285,4007382
G2701286,4007383
G2701291,4007385
G2701292,4007386
G2701294,4007388
G2701295,4007389
G2701300,4007390
G2701305,4007391
G2701330,4007392
G2701331,4007393
G2701332,4007394
G2701333,4007395
G2701385,4007396
G2701386,4007397
G2701390,4007398
G2701391,4007399
G2701392,4007400
G2701393,4007401
G2701395,4007403
G2701396,4007404
G2701397,4007405
G2701398,4007406
G2701399,4007407
G2701400,4007408
G2701405,4007409
G2701410,4007410
G2701420,4007412
G2701425,4007413
G2701430,4007414
G2701440,4007416
G2701445,4007417
G2702005,4007418
G2702010,4007419
G2702015,4007420
G2730005,4007439
G2730010,4007440
G2730015,4007441
G2730020,4007442
G2780015,4007443
G2780055,4007444
G2780060,4007445
G2780061,4007446
G2780063,4007220
G2780064,4007221
G2780066,4007222
G2780070,4007223
G2780075,4007224
G2900005,4007226
G2900010,4007227
G2900015,4007228
G2900020,4007229
H0100007,4007231
H0100010,4007232
H0100019,4007233
H0100020,4007234
H0100029,4007235
H0100030,4007236
H0100032,4007237
H0100033,4007238
H0100045,4007240
H0100048,4007241
H0100130,4007242
H0100226,4007244
H0100227,4007245
H0100228,4007246
H0100229,4007247
H0100230,4007248
H0100231,4007249
H0100235,4007250
H0100236,4007251
H0100237,4007252
H0100238,4007253
H0100239,4007254
H0100240,4007255
H0100246,4007257
H0100254,4007258
H0100255,4007259
H0100257,4007261
H0100258,4007262
H0100260,4007263
H0100261,4007264
H0100262,4007265
H0100265,4007267
H0100267,4007268
H0100268,4007269
H0100271,4007271
H0100275,4007273
H0100276,4007274
H0100282,4007277
H0100290,4007278
H0100291,4007279
H0100293,4007281
H0100295,4007282
H0100296,4007283
H0100301,4007285
H0100305,4007286
H0100306,4007287
H0100310,4007288
H0100311,4007289
H0100312,4007290
H0100315,4007291
H0100320,4007293
H0100321,4007294
H0100325,4007295
H0100330,4007299
H0100331,4007300
H0100340,4007301
H0100345,4007302
H0100350,4007303
H0100355,4007304
H0100360,4007305
H0100365,4007306
H0100370,4007307
H0100371,4007308
H0100375,4007309
H0100376,4007310
H0100380,4007312
H0100381,4007313
H0100390,4007314
H0100391,4007315
H0100396,4007317
H0100400,4007318
H0100405,4007319
H0100414,4007320
H0100415,4007321
H0100416,4007322
H0100430,4007324
H0100435,4007325
H0100454,4007327
H0100455,4007328
H0100460,4007329
H0100465,4007330
H0100466,4007331
H0100470,4007332
H0100475,4007105
H0100476,4007106
H0100477,4007107
H0100478,4007108
H0100479,4007109
H0100480,4007110
H0100485,4007111
H0100486,4007112
H0100500,4007113
H0100602,4007116
H0100604,4007117
H0100609,4007120
H0100610,4007121
H0100613,4007122
H0100614,4007123
H0100615,4007124
H0100620,4007125
H0100621,4007126
H0100622,4007127
H0100623,4007128
H0100624,4007129
H0100626,4007130
H0100630,4007131
H0100635,4007132
H0100636,4007133
H0100638,4007134
H0100708,4007138
H0100710,4007139
H0100712,4007141
H0100714,4007143
H0100715,4007144
H0100716,4007145
H0100717,4007146
H0100718,4007147
H0100719,4007148
H0100720,4007149
H0100721,4007150
H0101007,4007153
H0101013,4007155
H0101015,4007156
H0101020,4007157
H0101030,4007159
H0200005,4007160
H0200018,4007161
H0200025,4007162
H0200035,4007163
H0200045,4007164
H0200046,4007165
H0200047,4007166
H0200055,4007167
H0200060,4007168
H0200061,4007169
H0200062,4007170
H0200065,4007171
H0200105,4007174
H0200106,4007175
H0200110,4007176
H0200185,4007177
H0200190,4007178
H0200191,4007179
H0200192,4007180
H0200193,4007181
H0200252,4007182
H0200253,4007183
H0200255,4007185
H0200256,4007186
H0200257,4007187
H0200258,4007188
H0200259,4007189
H0200260,4007190
H0200261,4007191
H0200300,4007192
H0200305,4007193
H0200306,4007194
H0200310,4007195
H0200311,4007196
H0200312,4007197
H0230020,4007198
H0230025,4007199
H0230030,4007200
H0230035,4007201
H0230040,4007202
H0230042,4007203
H0230045,4007204
H0230046,4007205
H0230049,4007207
H0230055,4007209
H0230080,4007211
H0230090,4007212
H0230100,4007213
H0230105,4007214
H0230106,4007215
H0230107,4007216
H0230130,4007218
H0230145,4006992
H0230160,4006993
H0230171,4006995
H0230172,4006996
H0230185,4006997
H0230190,4006998
H0230195,4006999
H0230200,4007000
H0250005,4007001
H0250010,4007003
H0250015,4007004
H0250020,4007005
H0250021,4007006
H0250025,4007007
H0250030,4007008
H0250035,4007009
H0250036,4007010
H0300008,4007012
H0300015,4007014
H0300021,4007016
H0300022,4007017
H0300023,4007018
H0300024,4007019
H0300028,4007020
H0300030,4007021
H0300035,4007022
H0300040,4007023
H0300041,4007024
H0300042,4007025
H0300048,4007026
H0300049,4007027
H0300050,4007028
H0300060,4007030
H0300061,4007031
H0300062,4007032
H0300063,4007033
H0300065,4007034
H0300070,4007035
H0300075,4007036
H0300078,4007037
H0300080,4007038
H0300081,4007039
H0300082,4007040
H0300083,4007041
H0300085,4007042
H0300091,4007044
H0300092,4007045
H0300095,4007047
H0300101,4007049
H0300102,4007050
H0300103,4007051
H0300104,4007052
H0300105,4007053
H0300114,4007060
H0300117,4007062
H0300118,4007063
H0300120,4007064
H0300121,4007065
H0300122,4007066
H0300126,4007069
H0300127,4007070
H0300128,4007071
H0300170,4007072
H0300180,4007073
H0300200,4007074
H0300224,4007075
H0300225,4007076
H0300226,4007077
H0300227,4007078
H0300500,4007081
H0300501,4007082
H0300502,4007083
H0300503,4007084
H0300504,4007085
H0300505,4007086
H0300506,4007087
H0300507,4007088
H0322005,4007091
H0322010,4007092
H0322011,4007093
H0322012,4007094
H0340004,4007097
H0340005,4007098
H0340010,4007099
H0340015,4007100
H0340020,4007101
H0340030,4007104
H0340034,4006877
H0340040,4006879
H0340045,4006880
H0340049,4006881
H0340050,4006882
H0340055,4006883
H0340075,4006886
H0340080,4006887
H0340085,4006888
H0340086,4006889
H0340090,4006890
H0340095,4006891
H0340096,4006892
H0340100,4006894
H0340105,4006895
H0340106,4006896
H0350035,4006899
H0360010,4006902
H0360015,4006903
H0360020,4006904
H0360030,4006905
H0360035,4006906
H0360036,4006907
H0360039,4006908
H0360040,4006909
H0360041,4006910
H0360042,4006911
H0360050,4006912
H0360052,4006913
H0360060,4006916
H0360061,4006917
H0360062,4006918
H0360064,4006919
H0360065,4006920
H0360070,4006921
H0360071,4006922
H0360075,4006923
H0360080,4006924
H0360082,4006926
H0360083,4006927
H0360084,4006928
H0360085,4006929
H0360086,4006930
H0360091,4006931
H0360092,4006932
H0360093,4006933
H0360094,4006934
H0360095,4006935
H0360100,4006936
H0360101,4006937
H0360102,4006938
H0360103,4006939
H0360205,4006941
H0360211,4006943
H0360215,4006944
H0365001,4006946
H0365002,4006947
H0365003,4006948
H0365005,4006949
H0365010,4006950
H0365015,4006951
H0365020,4006952
H0365030,4006955
H0370015,4006957
H0370030,4006959
H0370040,4006961
H0370041,4006962
H0370050,4006963
H0370052,4006964
H0370053,4006965
H0370057,4006967
H0370060,4006968
H0370064,4006969
H0370070,4006971
H0370071,4006972
H0370075,4006973
H0370082,4006975
H0370085,4006976
H0370086,4006977
H0370087,4006978
H0370090,4006979
H0370100,4006982
H0370130,4006984
H0370140,4006986
H0370145,4006987
H0370146,4006988
H0370150,4006989
H0370165,4006990
H0370170,4006763
H0370175,4006764
H0400005,4006765
H0400009,4006767
H0400014,4006768
H0400015,4006769
H0400019,4006770
H0400020,4006771
H0400023,4006772
H0400025,4006773
H0400026,4006774
H0400029,4006775
H0400030,4006776
H0401045,4006777
H0401047,4006778
H0401070,4006779
H0402030,4006780
H0402035,4006781
H0402040,4006782
H0402045,4006783
H0402048,4006784
H0402049,4006785
H0402050,4006786
H0402065,4006787
H0402067,4006789
H0402068,4006790
H0402070,4006791
H0402078,4006792
H0402079,4006793
H0402080,4006794
H0402081,4006795
H0402095,4006800
H0402096,4006801
H0402097,4006802
H0402098,4006803
H0402110,4006804
H0402115,4006805
H0402145,4006806
H0402147,4006807
H0500005,4006808
H0500010,4006809
H0500015,4006811
H0500020,4006812
H0500022,4006813
H0500024,4006814
H0500025,4006815
H0500027,4006816
H0500028,4006817
H0500030,4006819
H0500031,4006820
H0500032,4006821
H0500035,4006823
H0500036,4006824
H0500038,4006825
H0500039,4006826
H0500040,4006827
H0500041,4006828
H0500042,4006829
H0500045,4006830
H0500051,4006832
H0500052,4006833
H0500060,4006834
H0500205,4006836
H0500206,4006837
H0500215,4006839
H0500305,4006840
H0501025,4006841
H0502025,4006842
H0502035,4006844
H0502039,4006845
H0502040,4006846
H0502045,4006847
H0502055,4006848
H0503005,4006850
H0503015,4006852
H0503020,4006853
H0503040,4006856
H0890082,4006858
H0890085,4006859
H0891055,4006860
H0891065,4006862
H0891076,4006865
H0891077,4006866
H0891078,4006867
H0891079,4006868
H0891145,4006871
H0891146,4006872
H0891150,4006876
H0891151,4006649
H0891165,4006652
H0891166,4006653
H0891168,4006654
H0891169,4006655
H0891170,4006656
H0891171,4006657
H0891172,4006658
H0891173,4006659
H0891174,4006660
H0891175,4006661
H0891176,4006662
H0891182,4006664
H0891184,4006666
H0891190,4006669
H0891196,4006671
H0891197,4006672
H0891198,4006673
H0891199,4006674
H0891200,4006675
H0891216,4006678
H0891220,4006680
H0891221,4006681
H0891223,4006683
H0891224,4006684
H0891225,4006685
H0891226,4006686
H0891228,4006688
H0891231,4006690
H0891232,4006691
H0891233,4006692
H0891235,4006693
H0891241,4006696
H0891245,4006697
H0891246,4006698
H0891247,4006699
H0891249,4006701
H0891250,4006702
H0891251,4006703
H0891252,4006704
H0891253,4006705
H0891254,4006706
H0891255,4006707
H0891256,4006708
H0891315,4006711
H0891322,4006713
H0891324,4006714
H0891325,4006715
H0891326,4006716
H0891328,4006718
H0891331,4006721
H0891332,4006722
H0891333,4006723
H0891422,4006724
H0891423,4006725
H0891429,4006726
H0891430,4006727
H0891431,4006728
H0891432,4006729
H0891433,4006730
H0891434,4006731
H0891435,4006732
H0891436,4006733
H0891445,4006735
H0891446,4006736
H0891447,4006737
H0891448,4006738
H0891449,4006739
H0891450,4006740
H0891460,4006750
H0891465,4006754
H0891470,4006758
H0892009,4006540
H0892010,4006541
H0892011,4006542
H0892015,4006543
H0892020,4006548
H0900014,4006560
H0900015,4006561
H0900023,4006563
H0900024,4006564
H0900026,4006565
H0900027,4006566
H0900032,4006567
H0900033,4006568
H0900036,4006569
H0900037,4006570
H0900090,4006571
H0900095,4006572
H0900120,4006573
H0900125,4006574
H0900126,4006575
H0900145,4006578
H0900160,4006579
H0900165,4006580
H0900170,4006581
H0900175,4006582
H0900185,4006583
H0900190,4006585
H0900225,4006586
H0900230,4006587
H0900268,4006588
H0900269,4006589
H0900270,4006590
H0900271,4006591
H0900272,4006592
H0900273,4006593
H0900274,4006594
H0900275,4006595
H2100015,4006597
H2100020,4006598
H2100065,4006599
H2100075,4006600
H2200005,4006602
H2200006,4006603
H2200020,4006604
H2200021,4006605
H2200022,4006606
H2200023,4006607
H2200024,4006608
H2200025,4006609
H2200031,4006611
H2200032,4006612
H2200033,4006613
H2200034,4006614
H2200035,4006615
H2200036,4006616
H2200037,4006617
H2200040,4006618
H2200041,4006619
H2200042,4006620
H2200043,4006621
H2200044,4006622
H2200045,4006623
H2200046,4006624
H2200050,4006625
H2200052,4006626
H2200056,4006628
H2200058,4006630
H2200059,4006631
H2200070,4006632
H2200071,4006633
H2200072,4006634
H2200075,4006635
H2200080,4006636
H2200085,4006637
H2200096,4006639
H2200097,4006640
H2200100,4006641
H2200101,4006642
H2200102,4006643
H2200103,4006644
H2200104,4006645
H2230005,4006646
H2280005,4006648
H2280010,4006421
H2300001,4006422
H2300005,4006423
H2300006,4006424
H2300015,4006425
H2300035,4006427
H2500003,4006428
H2500010,4006430
H2500011,4006431
H2500017,4006432
H2500025,4006434
H2500028,4006436
H2500035,4006439
H2500040,4006441
H2500041,4006442
H2500042,4006443
H2500047,4006445
H2500050,4006447
H2500055,4006449
H2500060,4006451
H2500066,4006453
H2500205,4006454
H2500230,4006455
H2500232,4006457
H2500233,4006458
H2500235,4006459
H2500240,4006460
H2500245,4006461
H2500250,4006462
H2500255,4006463
H2500260,4006464
H2500295,4006465
H2500305,4006466
H2500310,4006467
H2501004,4006468
H2501005,4006469
H2501006,4006470
H2501010,4006471
H2501014,4006472
H2501015,4006473
H2501016,4006474
H2501020,4006475
H2501025,4006476
H2501030,4006477
H2501033,4006478
H2501034,4006479
H2501035,4006480
H2501040,4006481
H2501045,4006482
H2600010,4006483
H2600012,4006485
H2600026,4006486
H2600028,4006487
H2600030,4006488
H2600040,4006490
H2600047,4006492
H2600050,4006494
H2600080,4006497
H2600111,4006502
H2600113,4006504
H2600142,4006505
H2600143,4006506
H2600145,4006507
H2600147,4006508
H2600148,4006509
H2600157,4006510
H2600160,4006511
H2600161,4006512
H2600162,4006513
H2600163,4006514
H2600680,4006516
H3100004,4006521
H3100005,4006522
H3100006,4006523
H3100007,4006524
H3100008,4006525
H3100009,4006526
H3100011,4006528
H3100013,4006530
H3100014,4006531
H3100015,4006532
H3100017,4006534
H3100018,4006307
H3100019,4006308
H3100020,4006309
H3100021,4006310
H3100022,4006311
H3100023,4006312
H3100026,4006313
H3100028,4006315
H3100032,4006316
H3100033,4006317
H3100034,4006318
H3100035,4006319
H3100036,4006320
H3100037,4006321
H3100039,4006322
H3100040,4006323
H3100041,4006324
H3100042,4006325
H3100043,4006326
H3100044,4006327
H3100046,4006329
H3100050,4006330
H3100051,4006331
H3100052,4006332
H3100053,4006333
H3100054,4006334
H3100055,4006335
H3100056,4006336
H3100057,4006337
H3100058,4006338
H3100060,4006339
H3100061,4006340
H3100063,4006342
H3100064,4006343
H3100065,4006344
H3100066,4006345
H3100067,4006346
H3100069,4006348
H3100070,4006349
H3100071,4006350
H3100076,4006355
H3100077,4006356
H3100087,4006364
H3100088,4006365
H3100089,4006366
H3100091,4006368
H3100092,4006369
H3100093,4006370
H3100095,4006372
H3100096,4006373
H3100102,4006376
H3100105,4006379
H3100106,4006380
H3100107,4006381
H3100108,4006382
H3200003,4006388
H3200005,4006389
H3200008,4006390
H3500000,4006392
H3500001,4006393
H3500003,4006394
H3500004,4006395
H3500005,4006396
H3500006,4006397
H3500007,4006398
H3500008,4006399
H3500009,4006400
H3500010,4006401
H3500011,4006402
H3500012,4006403
H3500013,4006404
H3500014,4006405
H3500015,4006406
H3500016,4006407
H3500017,4006408
H3500018,4006409
H3500019,4006410
H3500021,4006412
H3500023,4006414
H3500025,4006416
H3500028,4006419
H3500030,4006193
H3500031,4006194
H3500050,4006195
H3500055,4006196
H3500060,4006197
H3500061,4006198
H3500063,4006199
H3500064,4006200
H3500065,4006201
H3500069,4006202
H3500071,4006204
H3500072,4006205
H3500073,4006206
H3500074,4006207
H3500075,4006208
H3500076,4006209
H3500077,4006210
H3500078,4006211
H3500079,4006212
H3500080,4006213
H3500081,4006214
H3500082,4006215
H3500083,4006216
H3500085,4006218
H3500086,4006219
H3500087,4006220
H3500088,4006221
H3500089,4006222
H3500090,4006223
H3500091,4006224
H3500092,4006225
H3500093,4006226
H3500094,4006227
H3500095,4006228
H3500101,4006234
H3500102,4006235
H3500104,4006237
H3500105,4006238
H3500106,4006239
H3500107,4006240
H3500108,4006241
H3500109,4006242
H3500111,4006244
H3500112,4006245
H3500113,4006246
H3500114,4006247
H3500145,4006254
H3500148,4006257
H3500149,4006258
H3500150,4006259
H3500151,4006260
H3500152,4006261
H3500153,4006262
H3500154,4006263
H3500155,4006264
H3500156,4006265
H3500161,4006269
H3500163,4006270
H3500165,4006271
H3500167,4006273
H3500168,4006274
H3500169,4006275
H3500170,4006276
H3500171,4006277
H3500172,4006278
H3500173,4006279
H3500174,4006280
H3500175,4006281
H3500176,4006282
H3500177,4006283
H3500178,4006284
H3500179,4006285
H3500180,4006286
H3500181,4006287
H3500182,4006288
H3500183,4006289
H3500184,4006290
H3500185,4006291
H3500186,4006292
H3500187,4006293
H3500188,4006294
H3500189,4006295
H3500200,4006300
H3500201,4006301
H3500203,4006303
H3500204,4006304
H3500205,4006305
H3500206,4006306
H3500207,4006079
H3500208,4006080
H3500209,4006081
H3500210,4006082
H3500211,4006083
H3500212,4006084
H3500216,4006087
H3500217,4006088
H3500218,4006089
H3500220,4006091
H3500221,4006092
H3500223,4006094
H3500224,4006095
H3500225,4006096
H3500226,4006097
H3500227,4006098
H3500228,4006099
H3500229,4006100
H3500230,4006101
H3500231,4006102
H3500232,4006103
H3500234,4006105
H3500235,4006106
H3500250,4006110
H3500251,4006111
H3500253,4006113
H3500254,4006114
H3500255,4006115
H3500256,4006116
H3500257,4006117
H3500258,4006118
H3500259,4006119
H3500260,4006120
H3500261,4006121
H3500262,4006122
H3500263,4006123
H3500264,4006124
H3500266,4006125
H3500280,4006128
H3500281,4006129
H3500290,4006131
H3500291,4006132
H3500295,4006133
H3500296,4006134
H3500299,4006137
H3500301,4006139
H3500302,4006140
H3500303,4006141
H3500304,4006142
H3500306,4006143
H3500307,4006144
H3500309,4006146
H3500311,4006147
H3500313,4006149
H3500314,4006150
H3500315,4006151
H3500316,4006152
H3500317,4006153
H3500318,4006154
H3500319,4006155
H3500320,4006156
H3500321,4006157
H3500322,4006158
H3500323,4006159
H3500325,4006161
H3500326,4006162
H3500327,4006163
H3500328,4006164
H3500329,4006165
H3500330,4006166
H3500331,4006167
H3500332,4006168
H3500333,4006169
H3500334,4006170
H3500335,4006171
H3500336,4006172
H3500337,4006173
H3500339,4006175
H3500340,4006176
H3500341,4006177
H3500342,4006178
H3500344,4006180
H3500345,4006181
H3500346,4006182
H3500347,4006183
H3500350,4006186
H3500351,4006187
H3500352,4006188
H3500353,4006189
H3500354,4006190
H3500355,4006191
H3500356,4006192
H3500357,4005965
H3500358,4005966
H3500359,4005967
H3500360,4005968
H3500362,4005970
H3500364,4005972
H3500365,4005973
H3500366,4005974
H3500367,4005975
H3500368,4005976
H3500369,4005977
H3500370,4005978
H3500371,4005979
H3500372,4005980
H3500373,4005981
H3500374,4005982
H3500375,4005983
H3500376,4005984
H3500377,4005985
H3500378,4005986
H3500379,4005987
H3500380,4005988
H3500381,4005989
H3500382,4005990
H3500383,4005991
H3500384,4005992
H3500385,4005993
H3500386,4005994
H3500387,4005995
H3500388,4005996
H3500389,4005997
H3500390,4005998
H3500391,4005999
H3500392,4006000
H3500394,4006002
H3500395,4006003
H3500396,4006004
H3500397,4006005
H3500398,4006006
H3500399,4006007
H3500400,4006008
H3500401,4006009
H3500402,4006010
H3500403,4006011
H3500405,4006012
H3500406,4006013
H3500410,4006017
H3500411,4006018
H3500412,4006019
H3500415,4006022
H3500420,4006027
H3500425,4006032
H3500430,4006037
H3500435,4006040
H3500440,4006041
H3500445,4006042
H3500446,4006043
H3500447,4006044
H3500448,4006045
H3500450,4006047
H3500455,4006049
H3500460,4006050
H3500465,4006051
H3500466,4006052
H3500467,4006053
H3500470,4006054
H3500510,4006057
H3500515,4006058
H3500525,4006059
H3500526,4006060
H3500527,4006061
H3500528,4006062
H3500530,4006064
H3500534,4006067
H3500536,4006069
H3500537,4006070
H3500538,4006071
H3500540,4006073
H3500541,4006074
H3500543,4006075
H3500545,4006076
H3500546,4006077
H3500547,4006078
H3500550,4005852
H3500551,4005853
H3500552,4005854
H3500553,4005855
H3500554,4005856
H3500560,4005857
H3500562,4005859
H3500563,4005860
H3500600,4005876
H3500601,4005877
H3500602,4005878
H3500603,4005879
H3500604,4005880
H3500605,4005881
H3500607,4005883
H3500610,4005884
H3500615,4005885
H3500617,4005887
H3500618,4005888
H3500619,4005889
H3500620,4005890
H3500625,4005892
H3500626,4005893
H3500627,4005894
H3500628,4005895
H3500629,4005896
H3500630,4005897
H3500631,4005898
H3500632,4005899
H3500633,4005900
H3500634,4005901
H3500635,4005902
H3500636,4005903
H3500637,4005904
H3500638,4005905
H3500639,4005906
H3500640,4005907
H3500641,4005908
H3500642,4005909
H3500643,4005910
H3500644,4005911
H3500645,4005912
H3500646,4005913
H3500647,4005914
H3500648,4005915
H3500649,4005916
H3500650,4005917
H3500651,4005918
H3500655,4005921
H3500658,4005924
H3500693,4005929
H3500695,4005931
H3500696,4005932
H3500697,4005933
H3500698,4005934
H3500699,4005935
H3500700,4005936
H3500701,4005937
H3500702,4005938
H3500703,4005939
H3500704,4005940
H3500705,4005941
H3500706,4005942
H3500707,4005943
H3500708,4005944
H3500709,4005945
H3500710,4005946
H3500711,4005947
H3500712,4005948
H3500713,4005949
H3500714,4005950
H3500715,4005951
H3500716,4005952
H3500717,4005953
H3500718,4005954
H3500721,4005955
H3500722,4005956
H3500723,4005957
H3500725,4005959
H3500726,4005960
H3500727,4005961
H3500728,4005962
H3500729,4005963
H3500730,4005964
H3500732,4005738
H3500733,4005739
H3500734,4005740
H3500735,4005741
H3500736,4005742
H3500737,4005743
H3500738,4005744
H3500739,4005745
H3500740,4005746
H3500741,4005747
H3500742,4005748
H3500743,4005749
H3500744,4005750
H3500746,4005751
H3500747,4005752
H3500748,4005753
H3500749,4005754
H3500755,4005757
H3500760,4005759
H3500761,4005760
H3500765,4005764
H3500770,4005765
H3500771,4005766
H3500772,4005767
H3500775,4005768
H3500776,4005769
H3500777,4005770
H3500778,4005771
H3500779,4005772
H3500780,4005773
H3500781,4005774
H3500782,4005775
H3500785,4005776
H3500795,4005779
H3500796,4005780
H3500799,4005781
H3500800,4005782
H3500805,4005784
H3500815,4005786
H3500820,4005787
H3500830,4005788
H3500831,4005789
H3500850,4005790
H3500851,4005791
H3500852,4005792
H3500854,4005794
H3500859,4005796
H3500860,4005797
H3500861,4005798
H3500862,4005799
H3500866,4005802
H3500867,4005803
H3500868,4005804
H3500869,4005805
H3500870,4005806
H3500872,4005808
H3500873,4005809
H3500876,4005812
H3500877,4005813
H3500879,4005815
H3500880,4005816
H3500881,4005817
H3500882,4005818
H3500883,4005819
H3500884,4005820
H3500885,4005821
H3500886,4005822
H3500887,4005823
H3500888,4005824
H3500889,4005825
H3500890,4005826
H3500891,4005827
H3500900,4005830
H3500901,4005831
H3500902,4005832
H3500903,4005833
H3500904,4005834
H3500905,4005835
H3500906,4005836
H3500907,4005837
H3500909,4005838
H3500910,4005839
H3500911,4005840
H3500912,4005841
H3500914,4005843
H3500915,4005844
H3500916,4005845
H3500917,4005846
H3500918,4005847
H3500919,4005848
H3500920,4005849
H3500921,4005850
H3500922,4005623
H3500923,4005624
H3500924,4005625
H3500925,4005626
H3500926,4005627
H3500927,4005628
H3500928,4005629
H3500929,4005630
H3500930,4005631
H3500931,4005632
H3500932,4005633
H3500934,4005635
H3500935,4005636
H3500936,4005637
H3500937,4005638
H3500939,4005640
H3500940,4005641
H3500941,4005642
H3500942,4005643
H3500943,4005644
H3500945,4005645
H3500946,4005646
H3500947,4005647
H3500948,4005648
H3500949,4005649
H3500950,4005650
H3500951,4005651
H3500953,4005652
H3500954,4005653
H3500957,4005656
H3500960,4005659
H3500961,4005660
H3500962,4005661
H3500963,4005662
H3500964,4005663
H3500965,4005664
H3500966,4005665
H3500967,4005666
H3500970,4005668
H3500971,4005669
H3500972,4005670
H3500973,4005671
H3500974,4005672
H3500976,4005674
H3500977,4005675
H3500978,4005676
H3500979,4005677
H3500980,4005678
H3500981,4005679
H3500982,4005680
H3500983,4005681
H3500984,4005682
H3500985,4005683
H3500986,4005684
H3500987,4005685
H3500988,4005686
H3500989,4005687
H3500990,4005688
H3500991,4005689
H3500992,4005690
H3500993,4005691
H3500998,4005696
H3500999,4005697
H3501000,4005698
H3501001,4005699
H3501002,4005700
H3501003,4005701
H3501004,4005702
H3501005,4005703
H3501006,4005704
H3501007,4005705
H3501008,4005706
H3501009,4005707
H3501010,4005708
H3501012,4005710
H3501013,4005711
H3501015,4005713
H3501016,4005714
H3501017,4005715
H3501019,4005717
H3501020,4005718
H3501025,4005720
H3501041,4005726
H3501042,4005727
H3501049,4005730
H3501062,4005510
H3501078,4005517
H3501079,4005518
H3501109,4005530
H3501110,4005531
H3501111,4005532
H3501112,4005533
H3501113,4005534
H3501114,4005535
H3501140,4005552
H3501145,4005555
H3501146,4005556
H3501147,4005557
H3501167,4005559
H3501181,4005562
H3501185,4005566
H3501186,4005567
H3501187,4005568
H3501188,4005569
H3501189,4005570
H3501190,4005571
H3501195,4005574
H3501196,4005575
H3501197,4005576
H3501198,4005577
H3501199,4005578
H3501200,4005579
H3501201,4005580
H3501202,4005581
H3501203,4005582
H3501205,4005584
H3501207,4005586
H3501208,4005587
H3501209,4005588
H3501210,4005589
H3501211,4005590
H3501214,4005593
H3502010,4005605
H3502011,4005606
H3502015,4005608
H3502016,4005609
H3502030,4005610
H3502031,4005611
H3502032,4005612
H3502036,4005615
H3502100,4005617
H3502101,4005618
H3502102,4005619
H3502103,4005620
H3502104,4005621
H3502105,4005622
H3502106,4005464
H3502108,4005466
H3502109,4005467
H3502110,4005468
H3502111,4005469
H3502112,4005470
H3502113,4005471
H3502114,4005472
H3502115,4005473
H3502116,4005474
H3502200,4005476
H3502201,4005477
H3502202,4005478
H3502203,4005479
H3502204,4005480
H3502205,4005481
H3502206,4005482
H3502310,4005483
H3502311,4005484
H3502312,4005485
H3502313,4005486
H3502314,4005487
H3502315,4005488
H3502316,4005489
H3502317,4005490
H3502318,4005491
H3502330,4005495
H3502331,4005496
H3502332,4005497
H3502333,4005498
H3502334,4005499
H3502335,4005500
H3502336,4005501
H3502337,4005502
H3502338,4005503
H3502342,4005507
H3502343,4005508
W9016,1001207
W9077,1001233
AD00215088,4009343
AD057100,4009425
ANF57150,4009117
B1210155,4009062
BKD036403288BS      ,4008960
BKD0365032BS        ,4008963
C2501027,4008845
C2725015            ,4008507
C2725020            ,4008508
C2725025            ,4008509
C2725032            ,4008510
C2725040            ,4008511
C2725050            ,4008512
C2725115            ,4008513
C2725120            ,4008514
C2725125            ,4008515
C2725132            ,4008516
C2725140            ,4008517
C2725150            ,4008518
D0412030,4008167
D0806065,4008173
D0860005,4008019
D0860075,4008032
D9100013,4008052
D9101010,4008057
DZ000192            ,4007904
E0800028,4007916
E0800065,4007928
E0800101,4007945
E0800129,4007961
E0800171,4007976
E0800475,4007861
E0800499,4007868
E0800565,4007870
E0800575,4007872
E0800725,4007892
E0800783            ,4007682
E0800809            ,4007692
E0800810,4007693
E0801208,4007719
E0802010,4007726
E0802021,4007730
E0802030,4007732
E0802040,4007735
E0802060,4007744
E0802070,4007747
E0802080,4007749
E0802090,4007752
E0802105,4007756
E0802109,4007758
E0802112,4007761
E0802138,4007772
E0802150,4007776
E0802160,4007778
E0802170,4007780
E0802185,4007784
E0802195,4007787
E0802219,4007575
E0802221,4007577
E0802223,4007579
E0802228,4007582
E0802236,4007589
E0802240,4007593
E0802241,4007594
E0802242,4007595
E0802245,4007597
E0802290,4007605
E0802313,4007607
E0802340,4007609
E0802377,4007617
E0802420,4007621
E0802445,4007624
E0802460,4007627
E0802520,4007631
E0870006,4007656
E0880005,4007661
E0880025,4007670
E1880010,4007453
E1880032,4007457
E1880042,4007465
E1880050,4007468
E1880061,4007471
G0700091,4007478
G0700127            ,4007486
G0700156            ,4007498
G0700161,4007500
G0700220,4007505
G0700230,4007508
G0891076,4007525
G0891081,4007527
G0891086,4007529
G0891175,4007533
G0891185,4007535
G0892010,4007539
G2700061,4007554
G2700064,4007557
G2701025,4007336
G2701030,4007338
G2701072,4007351
G2701084,4007354
G2701180,4007360
G2701186,4007361
G2701222            ,4007365
G2701225,4007368
G2701290,4007384
G2701293,4007387
G2701394,4007402
G2701415,4007411
G2701435,4007415
G2703005            ,4007421
G2703010            ,4007422
G2703015            ,4007423
G2703020            ,4007424
G2703025            ,4007425
G2703030            ,4007426
G2703035            ,4007427
G2703040            ,4007428
G2703045            ,4007429
G2703050            ,4007430
G2703055            ,4007431
G2703060            ,4007432
G2703065            ,4007433
G2703070            ,4007434
G2703075            ,4007435
G2703080            ,4007436
G2703085            ,4007437
G2703090            ,4007438
G2780062,4007219
G2890005            ,4007225
G2900025            ,4007230
H0100035,4007239
H0100225            ,4007243
H0100245,4007256
H0100256,4007260
H0100264,4007266
H0100270,4007270
H0100272,4007272
H0100280,4007275
H0100281,4007276
H0100292,4007280
H0100327,4007296
H0100328            ,4007297
H0100329            ,4007298
H0100377,4007311
H0100395,4007316
H0100420,4007323
H0100440,4007326
H0100594            ,4007114
H0100600,4007115
H0100605,4007118
H0100606,4007119
H0100711,4007140
H0100713,4007142
H0101025,4007158
H0200085,4007172
H0200086,4007173
H0200254            ,4007184
H0230048,4007206
H0230050,4007208
H0230060,4007210
H0230120,4007217
H0230140,4006991
H0230170,4006994
H0250037            ,4007011
H0300010,4007013
H0300020,4007015
H0300055,4007029
H0300090,4007043
H0300093,4007046
H0300100,4007048
H0300106            ,4007054
H0300107            ,4007055
H0300108            ,4007056
H0300110,4007057
H0300111,4007058
H0300113,4007059
H0300115,4007061
H0300124            ,4007067
H0300125,4007068
H0300228            ,4007079
H0300229            ,4007080
H0300508            ,4007089
H0300509            ,4007090
H0340025,4007103
H0340035,4006878
H0340060,4006884
H0340065,4006885
H0350033            ,4006897
H0350034            ,4006898
H0350040,4006900
H0360055,4006914
H0360057,4006915
H0360081,4006925
H0360104            ,4006940
H0360210,4006942
H0360226,4006945
H0365025,4006953
H0365027            ,4006954
H0370010,4006956
H0370020,4006958
H0370035,4006960
H0370055,4006966
H0370065,4006970
H0370080,4006974
H0370095,4006980
H0370098            ,4006981
H0370101,4006983
H0370135,4006985
H0400006,4006766
H0402066,4006788
H0402090,4006797
H0402091            ,4006798
H0402092,4006799
H0500011,4006810
H0500029,4006818
H0500034,4006822
H0500050,4006831
H0500070,4006835
H0500207            ,4006838
H0502030,4006843
H0502060,4006849
H0503010,4006851
H0503025            ,4006854
H0503030,4006855
H0503045,4006857
H0891060,4006861
H0891070,4006863
H0891075,4006864
H0891080            ,4006869
H0891183,4006665
H0891188,4006667
H0891189,4006668
H0891195,4006670
H0891215            ,4006677
H0891217,4006679
H0891222,4006682
H0891227,4006687
H0891230,4006689
H0891240,4006695
H0891248            ,4006700
H0891310,4006710
H0891320,4006712
H0891327,4006717
H0891329,4006719
H0891330,4006720
H0891451            ,4006741
H0891452            ,4006742
H0891453            ,4006743
H0891454            ,4006744
H0891475            ,4006759
H0891476            ,4006760
H0891477            ,4006761
H0891478            ,4006762
H0891479            ,4006535
H0891480            ,4006536
H0891481            ,4006537
H0891482            ,4006538
H0892005,4006539
H0892025            ,4006550
H0892026            ,4006551
H0892027            ,4006552
H0892028            ,4006553
H0892029            ,4006554
H0892030            ,4006555
H0900020,4006562
H0900187,4006584
H2100100,4006601
H2200030,4006610
H2200057,4006629
H2200095,4006638
H2230015,4006647
H2300020,4006426
H2500005,4006429
H2500020,4006433
H2500026,4006435
H2500037,4006440
H2500046,4006444
H2500049,4006446
H2500052,4006448
H2500058,4006450
H2500065,4006452
H2500231,4006456
H2600011,4006484
H2600035,4006489
H2600045,4006491
H2600049,4006493
H2600052,4006495
H2600112,4006503
H3100002            ,4006519
H3100003            ,4006520
H3100010,4006527
H3100012,4006529
H3100045            ,4006328
H3100062            ,4006341
H3100068,4006347
H3100072            ,4006351
H3100073            ,4006352
H3100074            ,4006353
H3100075            ,4006354
H3100078            ,4006357
H3100079            ,4006358
H3100080            ,4006359
H3100090,4006367
H3100094            ,4006371
H3100097            ,4006374
H3100098            ,4006375
H3100103            ,4006377
H3100104            ,4006378
H3300010,4006391
H3500020,4006411
H3500022,4006413
H3500026            ,4006417
H3500027            ,4006418
H3500070,4006203
H3500084,4006217
H3500100,4006233
H3500103,4006236
H3500110,4006243
H3500115            ,4006248
H3500147,4006256
H3500158,4006266
H3500159,4006267
H3500160,4006268
H3500166,4006272
H3500202,4006302
H3500213,4006085
H3500215,4006086
H3500219,4006090
H3500222,4006093
H3500233,4006104
H3500249            ,4006109
H3500252,4006112
H3500300,4006138
H3500308,4006145
H3500312,4006148
H3500324,4006160
H3500338,4006174
H3500343            ,4006179
H3500348            ,4006184
H3500361,4005969
H3500363,4005971
H3500393,4006001
H3500407            ,4006014
H3500421            ,4006028
H3500422            ,4006029
H3500423            ,4006030
H3500449            ,4006046
H3500529,4006063
H3500531,4006065
H3500533,4006066
H3500535,4006068
H3500548,4005851
H3500561,4005858
H3500606,4005882
H3500616,4005886
H3500652            ,4005919
H3500656            ,4005922
H3500657            ,4005923
H3500694            ,4005930
H3500724,4005958
H3500731,4005737
H3500752            ,4005755
H3500762,4005761
H3500801,4005783
H3500806,4005785
H3500853,4005793
H3500858,4005795
H3500863,4005800
H3500865,4005801
H3500871,4005807
H3500875,4005811
H3500895,4005829
H3500913,4005842
H3500955,4005654
H3500956,4005655
H3500958,4005657
H3500959,4005658
H3500968,4005667
H3500975,4005673
H3500994            ,4005692
H3500995            ,4005693
H3500996            ,4005694
H3500997            ,4005695
H3501011,4005709
H3501014            ,4005712
H3501115,4005536
H3501122            ,4005537
H3501168,4005560
H3501204,4005583
H3501206,4005585
H3501212,4005591
H3501213            ,4005592
H3502035,4005614
H3502099            ,4005616
H3502107,4005465
H3502339,4005504
H3502340            ,4005505
H3502341            ,4005506
WD109150Z,1001066
WD14580,4005463
